image,score,detections,dimension,note,gdt_symbol,surface_roughness,ra_read,ra_matched,ra_values,path
-2023-02-08-09-33-47_png.rf.7f410162fe3c40fd1d51d4b6f0d64231.jpg,1,41,41,0,0,0,0,0,,data/roboflow/drawing-checklist-v1/test/images/-2023-02-08-09-33-47_png.rf.7f410162fe3c40fd1d51d4b6f0d64231.jpg
-2023-02-08-13-47-42_png.rf.6c7485e18945f9a03774e34e52c4f7cc.jpg,1,26,26,0,0,0,0,0,,data/roboflow/drawing-checklist-v1/test/images/-2023-02-08-13-47-42_png.rf.6c7485e18945f9a03774e34e52c4f7cc.jpg
-2023-02-08-13-50-00_png.rf.0e83822dae67ab1f5088551aa0d7e777.jpg,1,39,39,0,0,0,0,0,,data/roboflow/drawing-checklist-v1/test/images/-2023-02-08-13-50-00_png.rf.0e83822dae67ab1f5088551aa0d7e777.jpg
-2023-02-08-13-56-07_png.rf.d49a49e7bed372dc50943f1ff8206bc3.jpg,1,22,22,0,0,0,0,0,,data/roboflow/drawing-checklist-v1/test/images/-2023-02-08-13-56-07_png.rf.d49a49e7bed372dc50943f1ff8206bc3.jpg
-2023-02-08-13-57-57_png.rf.fdfd1cfb97a7ac54a9dbfaec876b9d15.jpg,1,26,26,0,0,0,0,0,,data/roboflow/drawing-checklist-v1/test/images/-2023-02-08-13-57-57_png.rf.fdfd1cfb97a7ac54a9dbfaec876b9d15.jpg
-2023-02-09-15-21-39_png.rf.94395411c4f39a8b3b32154623caed8b.jpg,1,38,38,0,0,0,0,0,,data/roboflow/drawing-checklist-v1/test/images/-2023-02-09-15-21-39_png.rf.94395411c4f39a8b3b32154623caed8b.jpg
-2023-02-13-10-42-55_png.rf.7c8b4efdd8de42751e2f5643d1e77a3d.jpg,1,27,27,0,0,0,0,0,,data/roboflow/drawing-checklist-v1/test/images/-2023-02-13-10-42-55_png.rf.7c8b4efdd8de42751e2f5643d1e77a3d.jpg
-2023-02-13-10-45-17_png.rf.71db1cf3005d366b6b6a2560dd8d4a71.jpg,1,22,22,0,0,0,0,0,,data/roboflow/drawing-checklist-v1/test/images/-2023-02-13-10-45-17_png.rf.71db1cf3005d366b6b6a2560dd8d4a71.jpg
-2023-02-13-13-42-01_png.rf.1bf07bcf5aba9b9d9a90fd77c061ba71.jpg,1,19,19,0,0,0,0,0,,data/roboflow/drawing-checklist-v1/test/images/-2023-02-13-13-42-01_png.rf.1bf07bcf5aba9b9d9a90fd77c061ba71.jpg
-2023-02-13-13-42-15_png.rf.7161872452f4c9bb15c1ab53654412a8.jpg,1,27,27,0,0,0,0,0,,data/roboflow/drawing-checklist-v1/test/images/-2023-02-13-13-42-15_png.rf.7161872452f4c9bb15c1ab53654412a8.jpg
-2023-02-13-15-10-32_png.rf.98344c4c984b516fee82ba841d18023a.jpg,1,27,27,0,0,0,0,0,,data/roboflow/drawing-checklist-v1/test/images/-2023-02-13-15-10-32_png.rf.98344c4c984b516fee82ba841d18023a.jpg
-2023-02-13-15-11-47_png.rf.5f8a635b853bd74f3b883a8e759a9e4b.jpg,1,27,27,0,0,0,0,0,,data/roboflow/drawing-checklist-v1/test/images/-2023-02-13-15-11-47_png.rf.5f8a635b853bd74f3b883a8e759a9e4b.jpg
-2023-02-14-14-12-33_png.rf.ddc32e533b5b1847cafcdc4f8efd07f9.jpg,1,27,27,0,0,0,0,0,,data/roboflow/drawing-checklist-v1/test/images/-2023-02-14-14-12-33_png.rf.ddc32e533b5b1847cafcdc4f8efd07f9.jpg
-2023-02-14-14-12-43_png.rf.920031ddd356f5556e9ffbc0b3ab579c.jpg,1,18,18,0,0,0,0,0,,data/roboflow/drawing-checklist-v1/test/images/-2023-02-14-14-12-43_png.rf.920031ddd356f5556e9ffbc0b3ab579c.jpg
-2023-02-14-15-13-20_png.rf.3ddee9947dedfbde7cff209e6f82d3e9.jpg,1,22,22,0,0,0,0,0,,data/roboflow/drawing-checklist-v1/test/images/-2023-02-14-15-13-20_png.rf.3ddee9947dedfbde7cff209e6f82d3e9.jpg
-2023-02-14-15-13-27_png.rf.41efa90fda420c9ac645be778d4b6a12.jpg,1,24,24,0,0,0,0,0,,data/roboflow/drawing-checklist-v1/test/images/-2023-02-14-15-13-27_png.rf.41efa90fda420c9ac645be778d4b6a12.jpg
-2023-02-14-15-13-39_png.rf.1691cd5b5db02734b1c1a8f2d399b492.jpg,1,22,22,0,0,0,0,0,,data/roboflow/drawing-checklist-v1/test/images/-2023-02-14-15-13-39_png.rf.1691cd5b5db02734b1c1a8f2d399b492.jpg
-2023-02-14-15-13-46_png.rf.291085d314e71029343438f2bc659c48.jpg,1,27,27,0,0,0,0,0,,data/roboflow/drawing-checklist-v1/test/images/-2023-02-14-15-13-46_png.rf.291085d314e71029343438f2bc659c48.jpg
-2023-02-15-11-54-49_png.rf.dafa5a208d77e2cb2e9802009b974fa5.jpg,1,20,20,0,0,0,0,0,,data/roboflow/drawing-checklist-v1/test/images/-2023-02-15-11-54-49_png.rf.dafa5a208d77e2cb2e9802009b974fa5.jpg
-2023-02-15-11-57-12_png.rf.1f297e76ce79424501a679076199299a.jpg,1,14,14,0,0,0,0,0,,data/roboflow/drawing-checklist-v1/test/images/-2023-02-15-11-57-12_png.rf.1f297e76ce79424501a679076199299a.jpg
-2023-02-15-15-11-50_png.rf.d6263a5bfdd58971e75db9b95885e3f1.jpg,1,18,18,0,0,0,0,0,,data/roboflow/drawing-checklist-v1/test/images/-2023-02-15-15-11-50_png.rf.d6263a5bfdd58971e75db9b95885e3f1.jpg
-2023-02-15-15-12-04_png.rf.d7fcd20fc37f2220eaf0901177c63f08.jpg,1,18,18,0,0,0,0,0,,data/roboflow/drawing-checklist-v1/test/images/-2023-02-15-15-12-04_png.rf.d7fcd20fc37f2220eaf0901177c63f08.jpg
-2023-02-15-15-58-30_png.rf.4aa2d61528cc8b79ce976c89d30b4736.jpg,1,38,38,0,0,0,0,0,,data/roboflow/drawing-checklist-v1/test/images/-2023-02-15-15-58-30_png.rf.4aa2d61528cc8b79ce976c89d30b4736.jpg
-2023-02-15-16-00-30_png.rf.b0335a31a8e52cee1dfc6b5b2a7ce671.jpg,1,6,6,0,0,0,0,0,,data/roboflow/drawing-checklist-v1/test/images/-2023-02-15-16-00-30_png.rf.b0335a31a8e52cee1dfc6b5b2a7ce671.jpg
-2023-02-15-16-00-56_png.rf.7b30fead8f0efb49b06617c98a1e0e70.jpg,1,34,34,0,0,0,0,0,,data/roboflow/drawing-checklist-v1/test/images/-2023-02-15-16-00-56_png.rf.7b30fead8f0efb49b06617c98a1e0e70.jpg
-2023-02-16-14-53-54_png.rf.f8639b11a22b4edaacd32ae24f39acdc.jpg,1,24,24,0,0,0,0,0,,data/roboflow/drawing-checklist-v1/test/images/-2023-02-16-14-53-54_png.rf.f8639b11a22b4edaacd32ae24f39acdc.jpg
-2023-02-16-14-58-26_png.rf.26c8f9ed5f5c019ea0b8d5be44b08298.jpg,1,20,20,0,0,0,0,0,,data/roboflow/drawing-checklist-v1/test/images/-2023-02-16-14-58-26_png.rf.26c8f9ed5f5c019ea0b8d5be44b08298.jpg
-2023-02-16-14-58-50_png.rf.1cb96a5372e6f30c9caeb373386d4c2e.jpg,1,24,24,0,0,0,0,0,,data/roboflow/drawing-checklist-v1/test/images/-2023-02-16-14-58-50_png.rf.1cb96a5372e6f30c9caeb373386d4c2e.jpg
-2023-02-17-11-18-29_png.rf.b5382b58970f8a323a2030b2f287c12a.jpg,1,23,23,0,0,0,0,0,,data/roboflow/drawing-checklist-v1/test/images/-2023-02-17-11-18-29_png.rf.b5382b58970f8a323a2030b2f287c12a.jpg
-2023-02-17-11-20-01_png.rf.131dd744bc6d1205325d246c2e6fbde1.jpg,1,20,20,0,0,0,0,0,,data/roboflow/drawing-checklist-v1/test/images/-2023-02-17-11-20-01_png.rf.131dd744bc6d1205325d246c2e6fbde1.jpg
-2023-02-24-09-40-55_png.rf.da6e737f6c6265847de1afd4a5eeb27b.jpg,1,18,18,0,0,0,0,0,,data/roboflow/drawing-checklist-v1/test/images/-2023-02-24-09-40-55_png.rf.da6e737f6c6265847de1afd4a5eeb27b.jpg
-2023-02-24-09-44-49_png.rf.1a9354aeae3c9787e98b551e632d7a3b.jpg,1,15,15,0,0,0,0,0,,data/roboflow/drawing-checklist-v1/test/images/-2023-02-24-09-44-49_png.rf.1a9354aeae3c9787e98b551e632d7a3b.jpg
-2023-02-24-09-45-42_png.rf.079875a7f91ff59569c79557ee6fefdd.jpg,1,15,15,0,0,0,0,0,,data/roboflow/drawing-checklist-v1/test/images/-2023-02-24-09-45-42_png.rf.079875a7f91ff59569c79557ee6fefdd.jpg
-2023-02-24-09-46-24_png.rf.a14f118580e2d9d5a6a646d4b041d022.jpg,1,17,17,0,0,0,0,0,,data/roboflow/drawing-checklist-v1/test/images/-2023-02-24-09-46-24_png.rf.a14f118580e2d9d5a6a646d4b041d022.jpg
-2023-02-28-09-37-40_png.rf.f81288a541d6cf2da0edd771622e90a0.jpg,1,28,28,0,0,0,0,0,,data/roboflow/drawing-checklist-v1/test/images/-2023-02-28-09-37-40_png.rf.f81288a541d6cf2da0edd771622e90a0.jpg
-2023-02-28-09-38-04_png.rf.4bdec4cc1142e81a399378b6876d0a2b.jpg,1,26,26,0,0,0,0,0,,data/roboflow/drawing-checklist-v1/test/images/-2023-02-28-09-38-04_png.rf.4bdec4cc1142e81a399378b6876d0a2b.jpg
-2023-02-28-09-39-04_png.rf.1f97873e204504dd8973a838c8609628.jpg,1,26,26,0,0,0,0,0,,data/roboflow/drawing-checklist-v1/test/images/-2023-02-28-09-39-04_png.rf.1f97873e204504dd8973a838c8609628.jpg
-2023-02-28-09-44-03_png.rf.f9ed47042f61d71f90b2b772c0f45657.jpg,1,23,23,0,0,0,0,0,,data/roboflow/drawing-checklist-v1/test/images/-2023-02-28-09-44-03_png.rf.f9ed47042f61d71f90b2b772c0f45657.jpg
-2023-02-28-15-25-50_png.rf.c51cd105049388f729054fec528ea068.jpg,0,4,4,0,0,0,0,0,,data/roboflow/drawing-checklist-v1/test/images/-2023-02-28-15-25-50_png.rf.c51cd105049388f729054fec528ea068.jpg
-2023-02-28-15-26-43_png.rf.d229e8ebb064dad22e9db8a6b1956066.jpg,1,26,26,0,0,0,0,0,,data/roboflow/drawing-checklist-v1/test/images/-2023-02-28-15-26-43_png.rf.d229e8ebb064dad22e9db8a6b1956066.jpg
-2023-02-28-15-27-46_png.rf.8aa10e0fe81adeecec4d9233a7a622b3.jpg,1,20,20,0,0,0,0,0,,data/roboflow/drawing-checklist-v1/test/images/-2023-02-28-15-27-46_png.rf.8aa10e0fe81adeecec4d9233a7a622b3.jpg
-2023-03-02-09-42-20_png.rf.2979edc424f7c7d49402a7ededddadfb.jpg,1,19,19,0,0,0,0,0,,data/roboflow/drawing-checklist-v1/test/images/-2023-03-02-09-42-20_png.rf.2979edc424f7c7d49402a7ededddadfb.jpg
-2023-03-02-09-42-49_png.rf.0db1c7a9b7d97e66cfca42b0dd6ff285.jpg,1,11,11,0,0,0,0,0,,data/roboflow/drawing-checklist-v1/test/images/-2023-03-02-09-42-49_png.rf.0db1c7a9b7d97e66cfca42b0dd6ff285.jpg
-2023-03-02-15-23-30_png.rf.23b34a134d65a337e0a8e075440c6a12.jpg,1,58,58,0,0,0,0,0,,data/roboflow/drawing-checklist-v1/test/images/-2023-03-02-15-23-30_png.rf.23b34a134d65a337e0a8e075440c6a12.jpg
-2023-03-02-15-27-33_png.rf.616de44aee3ff7aa6c4c71df8ad21068.jpg,1,20,20,0,0,0,0,0,,data/roboflow/drawing-checklist-v1/test/images/-2023-03-02-15-27-33_png.rf.616de44aee3ff7aa6c4c71df8ad21068.jpg
-2023-03-02-15-28-55_png.rf.bf59ac7a96e1f92f28661d443aad2b35.jpg,1,26,26,0,0,0,0,0,,data/roboflow/drawing-checklist-v1/test/images/-2023-03-02-15-28-55_png.rf.bf59ac7a96e1f92f28661d443aad2b35.jpg
-2023-03-03-13-55-20_png.rf.018870c71af29cc6a7908e4b8e9fb1ef.jpg,1,46,46,0,0,0,0,0,,data/roboflow/drawing-checklist-v1/test/images/-2023-03-03-13-55-20_png.rf.018870c71af29cc6a7908e4b8e9fb1ef.jpg
-2023-03-03-13-56-13_png.rf.68c327cf2add1b1fba71ce9451775136.jpg,1,22,22,0,0,0,0,0,,data/roboflow/drawing-checklist-v1/test/images/-2023-03-03-13-56-13_png.rf.68c327cf2add1b1fba71ce9451775136.jpg
-2023-03-03-13-56-36_png.rf.ae26701d087a46bd3258be1f0720ea8b.jpg,1,20,20,0,0,0,0,0,,data/roboflow/drawing-checklist-v1/test/images/-2023-03-03-13-56-36_png.rf.ae26701d087a46bd3258be1f0720ea8b.jpg
-2023-03-06-13-28-53_png.rf.157ad2340e0d2c2ac35703c19882feac.jpg,1,51,51,0,0,0,0,0,,data/roboflow/drawing-checklist-v1/test/images/-2023-03-06-13-28-53_png.rf.157ad2340e0d2c2ac35703c19882feac.jpg
-2023-03-06-13-30-06_png.rf.fd855a31fc8defb98ace58ea5624069e.jpg,1,11,11,0,0,0,0,0,,data/roboflow/drawing-checklist-v1/test/images/-2023-03-06-13-30-06_png.rf.fd855a31fc8defb98ace58ea5624069e.jpg
-2023-03-06-16-10-11_png.rf.747fbe0cac9fa1780c2c92a314f8ceba.jpg,1,37,37,0,0,0,0,0,,data/roboflow/drawing-checklist-v1/test/images/-2023-03-06-16-10-11_png.rf.747fbe0cac9fa1780c2c92a314f8ceba.jpg
-2023-03-06-16-14-37_png.rf.1b8de6474251a6542217a709c2468297.jpg,1,20,20,0,0,0,0,0,,data/roboflow/drawing-checklist-v1/test/images/-2023-03-06-16-14-37_png.rf.1b8de6474251a6542217a709c2468297.jpg
-2023-03-08-10-06-02_png.rf.42d2e4125437f4007b6a74322daa2bf3.jpg,1,22,22,0,0,0,0,0,,data/roboflow/drawing-checklist-v1/test/images/-2023-03-08-10-06-02_png.rf.42d2e4125437f4007b6a74322daa2bf3.jpg
-2023-03-08-10-07-03_png.rf.ac66cca4d2ca83303696e6ddd692edc3.jpg,1,22,22,0,0,0,0,0,,data/roboflow/drawing-checklist-v1/test/images/-2023-03-08-10-07-03_png.rf.ac66cca4d2ca83303696e6ddd692edc3.jpg
-2023-03-08-10-08-52_png.rf.9fae05a4a58e63319e18ac7ac8e9edd1.jpg,1,18,18,0,0,0,0,0,,data/roboflow/drawing-checklist-v1/test/images/-2023-03-08-10-08-52_png.rf.9fae05a4a58e63319e18ac7ac8e9edd1.jpg
-2023-03-08-10-10-31_png.rf.00420391043269a7150f1412ca905e25.jpg,1,20,20,0,0,0,0,0,,data/roboflow/drawing-checklist-v1/test/images/-2023-03-08-10-10-31_png.rf.00420391043269a7150f1412ca905e25.jpg
-2023-03-08-10-11-47_png.rf.88664ee069249d5f5a07cbc4d504c168.jpg,1,5,5,0,0,0,0,0,,data/roboflow/drawing-checklist-v1/test/images/-2023-03-08-10-11-47_png.rf.88664ee069249d5f5a07cbc4d504c168.jpg
-2023-03-09-11-53-03_png.rf.0c1aa14c9d924093b153472fc672cb76.jpg,1,28,28,0,0,0,0,0,,data/roboflow/drawing-checklist-v1/test/images/-2023-03-09-11-53-03_png.rf.0c1aa14c9d924093b153472fc672cb76.jpg
-2023-03-09-11-53-53_png.rf.699a6b938a7ecdc90c10581414915b12.jpg,1,24,24,0,0,0,0,0,,data/roboflow/drawing-checklist-v1/test/images/-2023-03-09-11-53-53_png.rf.699a6b938a7ecdc90c10581414915b12.jpg
-2023-03-09-11-55-39_png.rf.5fb92f9e77e7cd713dd5705b61263652.jpg,1,34,34,0,0,0,0,0,,data/roboflow/drawing-checklist-v1/test/images/-2023-03-09-11-55-39_png.rf.5fb92f9e77e7cd713dd5705b61263652.jpg
-2023-03-09-11-55-52_png.rf.558273cb52eb4fe0a31ea72e78379598.jpg,1,24,24,0,0,0,0,0,,data/roboflow/drawing-checklist-v1/test/images/-2023-03-09-11-55-52_png.rf.558273cb52eb4fe0a31ea72e78379598.jpg
-2023-03-09-11-56-37_png.rf.71254031b67ec8c3d25e749bf84f02a1.jpg,1,19,19,0,0,0,0,0,,data/roboflow/drawing-checklist-v1/test/images/-2023-03-09-11-56-37_png.rf.71254031b67ec8c3d25e749bf84f02a1.jpg
-2023-03-09-11-57-41_png.rf.ba948d8c0a7c03cd682cc87b5062973a.jpg,1,28,28,0,0,0,0,0,,data/roboflow/drawing-checklist-v1/test/images/-2023-03-09-11-57-41_png.rf.ba948d8c0a7c03cd682cc87b5062973a.jpg
-2023-03-10-13-38-08_png.rf.9372d239756a063583cc456b4bb8235d.jpg,1,12,12,0,0,0,0,0,,data/roboflow/drawing-checklist-v1/test/images/-2023-03-10-13-38-08_png.rf.9372d239756a063583cc456b4bb8235d.jpg
-2023-03-10-13-39-03_png.rf.9919b7cde44a527becee72098101dcfa.jpg,1,13,13,0,0,0,0,0,,data/roboflow/drawing-checklist-v1/test/images/-2023-03-10-13-39-03_png.rf.9919b7cde44a527becee72098101dcfa.jpg
-2023-03-10-13-39-40_png.rf.febb11e49417d3487635828d24b884b8.jpg,1,19,19,0,0,0,0,0,,data/roboflow/drawing-checklist-v1/test/images/-2023-03-10-13-39-40_png.rf.febb11e49417d3487635828d24b884b8.jpg
-2023-03-10-13-42-04_png.rf.72707d84eb31fca8806e060a2a41db32.jpg,1,24,24,0,0,0,0,0,,data/roboflow/drawing-checklist-v1/test/images/-2023-03-10-13-42-04_png.rf.72707d84eb31fca8806e060a2a41db32.jpg
-2023-03-10-13-44-44_png.rf.a5d9e5d25fd50c6a8b6419503e77e8ec.jpg,1,16,16,0,0,0,0,0,,data/roboflow/drawing-checklist-v1/test/images/-2023-03-10-13-44-44_png.rf.a5d9e5d25fd50c6a8b6419503e77e8ec.jpg
-2023-03-10-13-45-01_png.rf.987417fc53024ef41c70993abc9f9aeb.jpg,1,34,34,0,0,0,0,0,,data/roboflow/drawing-checklist-v1/test/images/-2023-03-10-13-45-01_png.rf.987417fc53024ef41c70993abc9f9aeb.jpg
-2023-03-10-13-45-22_png.rf.4cd1ae1230a89b052266128c8880115f.jpg,1,19,19,0,0,0,0,0,,data/roboflow/drawing-checklist-v1/test/images/-2023-03-10-13-45-22_png.rf.4cd1ae1230a89b052266128c8880115f.jpg
-2023-03-13-15-00-45_png.rf.9c16585880637af07150c73394bd2dee.jpg,1,27,27,0,0,0,0,0,,data/roboflow/drawing-checklist-v1/test/images/-2023-03-13-15-00-45_png.rf.9c16585880637af07150c73394bd2dee.jpg
-2023-03-13-15-01-35_png.rf.2f8ffee17bcbb4a6537100aa1f6c2f12.jpg,1,24,24,0,0,0,0,0,,data/roboflow/drawing-checklist-v1/test/images/-2023-03-13-15-01-35_png.rf.2f8ffee17bcbb4a6537100aa1f6c2f12.jpg
-2023-03-13-15-02-10_png.rf.c51191d084d327adeaca588b72a7deb6.jpg,1,24,24,0,0,0,0,0,,data/roboflow/drawing-checklist-v1/test/images/-2023-03-13-15-02-10_png.rf.c51191d084d327adeaca588b72a7deb6.jpg
-2023-03-15-09-38-25_png.rf.3d54654c2a9c2e7befb7e95bf92a101f.jpg,1,12,12,0,0,0,0,0,,data/roboflow/drawing-checklist-v1/test/images/-2023-03-15-09-38-25_png.rf.3d54654c2a9c2e7befb7e95bf92a101f.jpg
-2023-03-15-09-38-53_png.rf.03465980e893e4861a0e2319902e59ec.jpg,1,19,19,0,0,0,0,0,,data/roboflow/drawing-checklist-v1/test/images/-2023-03-15-09-38-53_png.rf.03465980e893e4861a0e2319902e59ec.jpg
-2023-03-15-09-41-22_png.rf.6e5b3c6800740d7f35188cbeffde5d36.jpg,1,14,14,0,0,0,0,0,,data/roboflow/drawing-checklist-v1/test/images/-2023-03-15-09-41-22_png.rf.6e5b3c6800740d7f35188cbeffde5d36.jpg
-2023-03-15-09-42-26_png.rf.c9d6e25132fff0ab94ba032b56169c35.jpg,1,20,20,0,0,0,0,0,,data/roboflow/drawing-checklist-v1/test/images/-2023-03-15-09-42-26_png.rf.c9d6e25132fff0ab94ba032b56169c35.jpg
-2023-03-15-09-42-37_png.rf.b60a671f86c16afcdf69d623752ba01d.jpg,1,16,16,0,0,0,0,0,,data/roboflow/drawing-checklist-v1/test/images/-2023-03-15-09-42-37_png.rf.b60a671f86c16afcdf69d623752ba01d.jpg
-2023-03-15-09-45-36_png.rf.7399ce74b76543d86f4110d48cac9c9a.jpg,1,27,27,0,0,0,0,0,,data/roboflow/drawing-checklist-v1/test/images/-2023-03-15-09-45-36_png.rf.7399ce74b76543d86f4110d48cac9c9a.jpg
-2023-03-16-11-17-05_png.rf.1817357cf5799a76a90b98b8f788a943.jpg,1,14,14,0,0,0,0,0,,data/roboflow/drawing-checklist-v1/test/images/-2023-03-16-11-17-05_png.rf.1817357cf5799a76a90b98b8f788a943.jpg
-2023-03-16-11-18-47_png.rf.b3d595297ac74c6bf1b09af7ad5b3da6.jpg,1,18,18,0,0,0,0,0,,data/roboflow/drawing-checklist-v1/test/images/-2023-03-16-11-18-47_png.rf.b3d595297ac74c6bf1b09af7ad5b3da6.jpg
-2023-03-16-11-21-32_png.rf.85da001c4c65e1ebf31bd594cd745cd8.jpg,1,13,13,0,0,0,0,0,,data/roboflow/drawing-checklist-v1/test/images/-2023-03-16-11-21-32_png.rf.85da001c4c65e1ebf31bd594cd745cd8.jpg
-2023-03-16-16-27-15_png.rf.a15dfd0280f49e04e2d936202162f287.jpg,1,25,25,0,0,0,0,0,,data/roboflow/drawing-checklist-v1/test/images/-2023-03-16-16-27-15_png.rf.a15dfd0280f49e04e2d936202162f287.jpg
-2023-03-16-16-32-36_png.rf.eb658f2e03a100fd2051f00006b650d1.jpg,1,36,36,0,0,0,0,0,,data/roboflow/drawing-checklist-v1/test/images/-2023-03-16-16-32-36_png.rf.eb658f2e03a100fd2051f00006b650d1.jpg
-2023-03-16-16-32-57_png.rf.391709d4d564c17e01bc2d166fa14d01.jpg,1,27,27,0,0,0,0,0,,data/roboflow/drawing-checklist-v1/test/images/-2023-03-16-16-32-57_png.rf.391709d4d564c17e01bc2d166fa14d01.jpg
-2023-03-17-14-41-58_png.rf.ca748bdc79a50201c5a33ddf7fa23d0a.jpg,1,22,22,0,0,0,0,0,,data/roboflow/drawing-checklist-v1/test/images/-2023-03-17-14-41-58_png.rf.ca748bdc79a50201c5a33ddf7fa23d0a.jpg
-2023-03-17-14-42-38_png.rf.20e230a3a4ff1839860abf53797dd0a0.jpg,1,23,23,0,0,0,0,0,,data/roboflow/drawing-checklist-v1/test/images/-2023-03-17-14-42-38_png.rf.20e230a3a4ff1839860abf53797dd0a0.jpg
-2023-03-17-14-46-19_png.rf.1cd9ecbe08e6a787144e4a47aeb18303.jpg,1,24,24,0,0,0,0,0,,data/roboflow/drawing-checklist-v1/test/images/-2023-03-17-14-46-19_png.rf.1cd9ecbe08e6a787144e4a47aeb18303.jpg
-2023-03-20-13-54-08_png.rf.58f345dee0cec54154a78b80262b7898.jpg,1,37,37,0,0,0,0,0,,data/roboflow/drawing-checklist-v1/test/images/-2023-03-20-13-54-08_png.rf.58f345dee0cec54154a78b80262b7898.jpg
-2023-03-20-13-56-51_png.rf.331862d52a2d20abb668a34d4279ecfa.jpg,1,20,20,0,0,0,0,0,,data/roboflow/drawing-checklist-v1/test/images/-2023-03-20-13-56-51_png.rf.331862d52a2d20abb668a34d4279ecfa.jpg
-2023-03-20-13-57-21_png.rf.4393957f51212e4254a2ec4deeae6d90.jpg,1,17,17,0,0,0,0,0,,data/roboflow/drawing-checklist-v1/test/images/-2023-03-20-13-57-21_png.rf.4393957f51212e4254a2ec4deeae6d90.jpg
-2023-03-21-13-14-22_png.rf.3d7670e51db299e10dd85c2d28233358.jpg,1,25,25,0,0,0,0,0,,data/roboflow/drawing-checklist-v1/test/images/-2023-03-21-13-14-22_png.rf.3d7670e51db299e10dd85c2d28233358.jpg
-2023-03-21-13-19-46_png.rf.578cba3114a2da78223fbdcc3150e41d.jpg,1,28,28,0,0,0,0,0,,data/roboflow/drawing-checklist-v1/test/images/-2023-03-21-13-19-46_png.rf.578cba3114a2da78223fbdcc3150e41d.jpg
-2023-03-21-13-21-05_png.rf.aab3999a31feeeea4614f2532e55cb10.jpg,1,29,29,0,0,0,0,0,,data/roboflow/drawing-checklist-v1/test/images/-2023-03-21-13-21-05_png.rf.aab3999a31feeeea4614f2532e55cb10.jpg
-2023-03-22-15-16-32_png.rf.0000e03e65739c86137d308c49446b95.jpg,1,29,29,0,0,0,0,0,,data/roboflow/drawing-checklist-v1/test/images/-2023-03-22-15-16-32_png.rf.0000e03e65739c86137d308c49446b95.jpg
-2023-03-22-15-17-02_png.rf.504b6fde0083bdfce42408669bd19ab3.jpg,1,16,16,0,0,0,0,0,,data/roboflow/drawing-checklist-v1/test/images/-2023-03-22-15-17-02_png.rf.504b6fde0083bdfce42408669bd19ab3.jpg
-2023-03-22-15-17-57_png.rf.423839d803c79b54ecea820035b3864e.jpg,1,33,33,0,0,0,0,0,,data/roboflow/drawing-checklist-v1/test/images/-2023-03-22-15-17-57_png.rf.423839d803c79b54ecea820035b3864e.jpg
-2023-03-24-11-54-53_png.rf.e99da423c309ef3045d8238c837d9f44.jpg,1,23,23,0,0,0,0,0,,data/roboflow/drawing-checklist-v1/test/images/-2023-03-24-11-54-53_png.rf.e99da423c309ef3045d8238c837d9f44.jpg
-2023-03-24-11-57-51_png.rf.09e6517710590572e3a668dc01f86c23.jpg,1,49,49,0,0,0,0,0,,data/roboflow/drawing-checklist-v1/test/images/-2023-03-24-11-57-51_png.rf.09e6517710590572e3a668dc01f86c23.jpg
-2023-03-24-11-59-52_png.rf.9bb8189a9f5e936768bef586e9d6b1a8.jpg,1,29,29,0,0,0,0,0,,data/roboflow/drawing-checklist-v1/test/images/-2023-03-24-11-59-52_png.rf.9bb8189a9f5e936768bef586e9d6b1a8.jpg
-2023-03-24-12-00-50_png.rf.5f6aace17fe4723b7499ecbf928f3bc9.jpg,1,33,33,0,0,0,0,0,,data/roboflow/drawing-checklist-v1/test/images/-2023-03-24-12-00-50_png.rf.5f6aace17fe4723b7499ecbf928f3bc9.jpg
-2023-04-03-11-15-59_png.rf.7c728ffe2cd1eb42207263c67150ea9a.jpg,1,17,17,0,0,0,0,0,,data/roboflow/drawing-checklist-v1/test/images/-2023-04-03-11-15-59_png.rf.7c728ffe2cd1eb42207263c67150ea9a.jpg
-2023-04-03-11-16-50_png.rf.9acee9df4e2a694fbfb45c0053c7e5d8.jpg,1,27,27,0,0,0,0,0,,data/roboflow/drawing-checklist-v1/test/images/-2023-04-03-11-16-50_png.rf.9acee9df4e2a694fbfb45c0053c7e5d8.jpg
-2023-04-03-11-17-14_png.rf.9caeaf223f4e2e212fcdb7321142c5a0.jpg,1,24,24,0,0,0,0,0,,data/roboflow/drawing-checklist-v1/test/images/-2023-04-03-11-17-14_png.rf.9caeaf223f4e2e212fcdb7321142c5a0.jpg
-2023-04-03-11-19-20_png.rf.6656b061bd4a626437e7249bf5028b11.jpg,1,16,16,0,0,0,0,0,,data/roboflow/drawing-checklist-v1/test/images/-2023-04-03-11-19-20_png.rf.6656b061bd4a626437e7249bf5028b11.jpg
-2023-04-03-11-21-15_png.rf.a58bc49fd2cb920bbd45f77eea8f5c48.jpg,1,23,23,0,0,0,0,0,,data/roboflow/drawing-checklist-v1/test/images/-2023-04-03-11-21-15_png.rf.a58bc49fd2cb920bbd45f77eea8f5c48.jpg
-2023-04-03-11-22-24_png.rf.f68b9a15f7ac0f15270f1d4be99c811b.jpg,1,20,20,0,0,0,0,0,,data/roboflow/drawing-checklist-v1/test/images/-2023-04-03-11-22-24_png.rf.f68b9a15f7ac0f15270f1d4be99c811b.jpg
-2023-04-06-09-57-54_png.rf.346df0a50a4b22a5748c8c294e60dea3.jpg,1,21,21,0,0,0,0,0,,data/roboflow/drawing-checklist-v1/test/images/-2023-04-06-09-57-54_png.rf.346df0a50a4b22a5748c8c294e60dea3.jpg
-2023-04-06-09-58-10_png.rf.8e54ae9db62c0400a64daab2b79db61d.jpg,1,19,19,0,0,0,0,0,,data/roboflow/drawing-checklist-v1/test/images/-2023-04-06-09-58-10_png.rf.8e54ae9db62c0400a64daab2b79db61d.jpg
-2023-04-06-09-59-44_png.rf.b959b33540e96ef26fe90711273e3c48.jpg,1,16,16,0,0,0,0,0,,data/roboflow/drawing-checklist-v1/test/images/-2023-04-06-09-59-44_png.rf.b959b33540e96ef26fe90711273e3c48.jpg
-2023-04-06-14-45-54_png.rf.2e2877b5bcc4af9ba74d5302ea83ec9b.jpg,1,18,18,0,0,0,0,0,,data/roboflow/drawing-checklist-v1/test/images/-2023-04-06-14-45-54_png.rf.2e2877b5bcc4af9ba74d5302ea83ec9b.jpg
-2023-04-06-14-47-07_png.rf.3c87aa2bf3b536eb6749a595223d60e6.jpg,1,18,18,0,0,0,0,0,,data/roboflow/drawing-checklist-v1/test/images/-2023-04-06-14-47-07_png.rf.3c87aa2bf3b536eb6749a595223d60e6.jpg
-2023-04-06-14-50-55_png.rf.fe5c01181f30d77ed013312b8a4adf16.jpg,1,26,26,0,0,0,0,0,,data/roboflow/drawing-checklist-v1/test/images/-2023-04-06-14-50-55_png.rf.fe5c01181f30d77ed013312b8a4adf16.jpg
-2023-04-06-14-51-38_png.rf.1d150285ccee7607adecc3a6ce828050.jpg,1,16,16,0,0,0,0,0,,data/roboflow/drawing-checklist-v1/test/images/-2023-04-06-14-51-38_png.rf.1d150285ccee7607adecc3a6ce828050.jpg
111407-52_Rev_X01_pdf_1_png.rf.afae0e8e93456f2faebf5e08a221e5f4.jpg,1,8,8,0,0,0,0,0,,data/roboflow/drawing-checklist-v1/test/images/111407-52_Rev_X01_pdf_1_png.rf.afae0e8e93456f2faebf5e08a221e5f4.jpg
143938-03_Rev_X03-pdf_1_png.rf.90779738d16f979eeefb5079179278f0.jpg,1,11,11,0,0,0,0,0,,data/roboflow/drawing-checklist-v1/test/images/143938-03_Rev_X03-pdf_1_png.rf.90779738d16f979eeefb5079179278f0.jpg
1484282000_page_1_png.rf.28443fdb4b40777d4e417fba37070395.jpg,32,24,17,1,2,4,4,2,1.6 1.0 1.6 8.0,data/roboflow/drawing-checklist-v1/test/images/1484282000_page_1_png.rf.28443fdb4b40777d4e417fba37070395.jpg
1991975101_Rev_F-pdf_2_png.rf.dcb75c1c55fb1c70d3879713b2327fea.jpg,1,27,27,0,0,0,0,0,,data/roboflow/drawing-checklist-v1/test/images/1991975101_Rev_F-pdf_2_png.rf.dcb75c1c55fb1c70d3879713b2327fea.jpg
3003089_Rev_D_pdf_1_png.rf.7eb455dd1f7c5ac7d2304a92c423f99a.jpg,0,0,0,0,0,0,0,0,,data/roboflow/drawing-checklist-v1/test/images/3003089_Rev_D_pdf_1_png.rf.7eb455dd1f7c5ac7d2304a92c423f99a.jpg
4003042_Rev_H-pdf_1_png.rf.883de9a7b3309ec53085b22e041b5453.jpg,4,16,9,0,7,0,0,0,,data/roboflow/drawing-checklist-v1/test/images/4003042_Rev_H-pdf_1_png.rf.883de9a7b3309ec53085b22e041b5453.jpg
4012458-2_Rev_A_pdf_3_png.rf.86c9bc7dd8022123cb12a296a93c2cd5.jpg,1,5,5,0,0,0,0,0,,data/roboflow/drawing-checklist-v1/test/images/4012458-2_Rev_A_pdf_3_png.rf.86c9bc7dd8022123cb12a296a93c2cd5.jpg
4012696-1_Rev_L-pdf_2_png.rf.eb479de792385c55873dc8972b2d6f90.jpg,1,26,26,0,0,0,0,0,,data/roboflow/drawing-checklist-v1/test/images/4012696-1_Rev_L-pdf_2_png.rf.eb479de792385c55873dc8972b2d6f90.jpg
4012696-1_Rev_L-pdf_3_png.rf.c3146b81a61765819af07776887629a0.jpg,1,35,35,0,0,0,0,0,,data/roboflow/drawing-checklist-v1/test/images/4012696-1_Rev_L-pdf_3_png.rf.c3146b81a61765819af07776887629a0.jpg
4014749-11_Rev_01_pdf_1_png.rf.7d204a7ac512adf83fb6b2aa38bc9bd5.jpg,0,1,1,0,0,0,0,0,,data/roboflow/drawing-checklist-v1/test/images/4014749-11_Rev_01_pdf_1_png.rf.7d204a7ac512adf83fb6b2aa38bc9bd5.jpg
4015389-1_OP_1300_Rev_03_pdf_1_png.rf.82838bac1cf789fbd4aef24d54752c4d.jpg,4,25,23,0,2,0,0,0,,data/roboflow/drawing-checklist-v1/test/images/4015389-1_OP_1300_Rev_03_pdf_1_png.rf.82838bac1cf789fbd4aef24d54752c4d.jpg
4018142-1_Rev_02_pdf_1_png.rf.30ff4e956198ff776a122338a07c0487.jpg,0,0,0,0,0,0,0,0,,data/roboflow/drawing-checklist-v1/test/images/4018142-1_Rev_02_pdf_1_png.rf.30ff4e956198ff776a122338a07c0487.jpg
4018542-1_Rev_02-pdf_2_png.rf.50aa74b831d35c177f595604bddca011.jpg,1,6,6,0,0,0,0,0,,data/roboflow/drawing-checklist-v1/test/images/4018542-1_Rev_02-pdf_2_png.rf.50aa74b831d35c177f595604bddca011.jpg
4019184-2_Rev_01_pdf_1_png.rf.06dd5f368ab587e544f7c37449ad7df1.jpg,0,0,0,0,0,0,0,0,,data/roboflow/drawing-checklist-v1/test/images/4019184-2_Rev_01_pdf_1_png.rf.06dd5f368ab587e544f7c37449ad7df1.jpg
82ab6b3c-page_3_png.rf.48e6dfe3e66e4a3b76c3fa48fe123285.jpg,3,22,2,0,20,0,0,0,,data/roboflow/drawing-checklist-v1/test/images/82ab6b3c-page_3_png.rf.48e6dfe3e66e4a3b76c3fa48fe123285.jpg
9506150-1_Rev_A-pdf_1_png.rf.7539df8703cb4d8c4a79d20dbeb402d3.jpg,0,4,4,0,0,0,0,0,,data/roboflow/drawing-checklist-v1/test/images/9506150-1_Rev_A-pdf_1_png.rf.7539df8703cb4d8c4a79d20dbeb402d3.jpg
D5437576-3_1_D5437576-72-X04-WING-STRUT-ANCHOR_BUBBLE_PRINT_pdf_3_png.rf.dd7a1b8339c0c887a168796be700df16.jpg,4,24,6,0,18,0,0,0,,data/roboflow/drawing-checklist-v1/test/images/D5437576-3_1_D5437576-72-X04-WING-STRUT-ANCHOR_BUBBLE_PRINT_pdf_3_png.rf.dd7a1b8339c0c887a168796be700df16.jpg
D5437577-2_1_D5437577-2-X03-STUD-UPPER-WING-PIVOT_BUBBLE_PRINT_pdf_1_png.rf.e2e40bd395690e14ea7f8a7e74e90669.jpg,0,0,0,0,0,0,0,0,,data/roboflow/drawing-checklist-v1/test/images/D5437577-2_1_D5437577-2-X03-STUD-UPPER-WING-PIVOT_BUBBLE_PRINT_pdf_1_png.rf.e2e40bd395690e14ea7f8a7e74e90669.jpg
D5437585-1_1_D5437585-1-X02-WING-DEPLOYMENT-STRUT-MODIFIED_BUBBLE_PRINT_pdf_1_png.rf.38329c2002298f45c51c2d12576fb0e0.jpg,2,1,0,0,0,1,1,0,3.0,data/roboflow/drawing-checklist-v1/test/images/D5437585-1_1_D5437585-1-X02-WING-DEPLOYMENT-STRUT-MODIFIED_BUBBLE_PRINT_pdf_1_png.rf.38329c2002298f45c51c2d12576fb0e0.jpg
Slide2_PNG_jpg.rf.75fb55c767a036b98279e45d16890b1f.jpg,1,5,5,0,0,0,0,0,,data/roboflow/drawing-checklist-v1/test/images/Slide2_PNG_jpg.rf.75fb55c767a036b98279e45d16890b1f.jpg
Slide7_PNG_jpg.rf.bad757d63628f340d8a6baf0f88956de.jpg,1,7,7,0,0,0,0,0,,data/roboflow/drawing-checklist-v1/test/images/Slide7_PNG_jpg.rf.bad757d63628f340d8a6baf0f88956de.jpg
UMA-PT-02-2024-SHAFT_page_1_png.rf.06e2ed9f2f3eb65f69f5aae142c403a2.jpg,1,18,18,0,0,0,0,0,,data/roboflow/drawing-checklist-v1/test/images/UMA-PT-02-2024-SHAFT_page_1_png.rf.06e2ed9f2f3eb65f69f5aae142c403a2.jpg
V02-055-0028_page_1_png.rf.9bc0f1a5b38c8ca44971ae9ab90c04db.jpg,3,26,21,5,0,0,0,0,,data/roboflow/drawing-checklist-v1/test/images/V02-055-0028_page_1_png.rf.9bc0f1a5b38c8ca44971ae9ab90c04db.jpg
V03-055-0046_page_1_png.rf.76d94c1923dfa997cc4608f887778d63.jpg,3,32,29,3,0,0,0,0,,data/roboflow/drawing-checklist-v1/test/images/V03-055-0046_page_1_png.rf.76d94c1923dfa997cc4608f887778d63.jpg
V03-055-0049_page_1_png.rf.6253874f4bd5858f721e2ee5b0054191.jpg,3,18,15,3,0,0,0,0,,data/roboflow/drawing-checklist-v1/test/images/V03-055-0049_page_1_png.rf.6253874f4bd5858f721e2ee5b0054191.jpg
V03-080-0029_page_1_png.rf.0fe957e7b074510b4f16195d064afc7e.jpg,3,12,8,4,0,0,0,0,,data/roboflow/drawing-checklist-v1/test/images/V03-080-0029_page_1_png.rf.0fe957e7b074510b4f16195d064afc7e.jpg
c5a63453-GDT_pic_2_png.rf.cc4db389ba5b563c3b5e0d11b77d4c7b.jpg,4,23,9,0,14,0,0,0,,data/roboflow/drawing-checklist-v1/test/images/c5a63453-GDT_pic_2_png.rf.cc4db389ba5b563c3b5e0d11b77d4c7b.jpg
drawing23Images_1149810112-R02-1_png.rf.a92598224ad1f4831e59b6cd835fc6cc.jpg,50,34,22,0,3,9,9,4,6.3 46.0 3.0 3.0 6.0 3.2 124.0 6.3 0.8,data/roboflow/drawing-checklist-v1/test/images/drawing23Images_1149810112-R02-1_png.rf.a92598224ad1f4831e59b6cd835fc6cc.jpg
drawing23Images_2-204653062EN-1_png_jpg.rf.46d9468ad1a5b1888a32157e9853bf30.jpg,1,5,5,0,0,0,0,0,,data/roboflow/drawing-checklist-v1/test/images/drawing23Images_2-204653062EN-1_png_jpg.rf.46d9468ad1a5b1888a32157e9853bf30.jpg
drawing23Images_20210901082142-4-3_png_jpg.rf.6382119021c0c3207ed4f049b9ab3e2f.jpg,30,32,25,0,2,5,5,2,6.0 4.0 3.2 1.0 N6,data/roboflow/drawing-checklist-v1/test/images/drawing23Images_20210901082142-4-3_png_jpg.rf.6382119021c0c3207ed4f049b9ab3e2f.jpg
drawing23Images_2046114105_drw-1_png_jpg.rf.d0395ce903b00610523f14a9804bfe91.jpg,13,11,10,0,0,1,1,1,3.2,data/roboflow/drawing-checklist-v1/test/images/drawing23Images_2046114105_drw-1_png_jpg.rf.d0395ce903b00610523f14a9804bfe91.jpg
drawing23Images_3-204250051-1_png_jpg.rf.40dac20299d6ef552e2c01d994f6df4d.jpg,4,10,7,0,3,0,0,0,,data/roboflow/drawing-checklist-v1/test/images/drawing23Images_3-204250051-1_png_jpg.rf.40dac20299d6ef552e2c01d994f6df4d.jpg
drawing23Images_4-204649056-1-1_png_jpg.rf.f7d77d4cd1cfd7d1e75f3b7fb17be13b.jpg,15,6,4,0,1,1,1,1,N8,data/roboflow/drawing-checklist-v1/test/images/drawing23Images_4-204649056-1-1_png_jpg.rf.f7d77d4cd1cfd7d1e75f3b7fb17be13b.jpg
drawing2Images_Centre-Bush-3-1_png_jpg.rf.a075b2be370bc4285a4fde80ef833372.jpg,4,29,28,0,1,0,0,0,,data/roboflow/drawing-checklist-v1/test/images/drawing2Images_Centre-Bush-3-1_png_jpg.rf.a075b2be370bc4285a4fde80ef833372.jpg
drawing2Images_Centre-Sleeve-1-1_png.rf.7ace1c55ff2d6895f21cf941e5d894a1.jpg,4,19,18,0,1,0,0,0,,data/roboflow/drawing-checklist-v1/test/images/drawing2Images_Centre-Sleeve-1-1_png.rf.7ace1c55ff2d6895f21cf941e5d894a1.jpg
drawing2Images_DBM900088_SHT_1_REV_03_FPD_Eng_C0A1-1_png.rf.44a57603dfb1afa14fceab7f9c3bb8e2.jpg,16,8,5,0,2,1,1,1,12.5,data/roboflow/drawing-checklist-v1/test/images/drawing2Images_DBM900088_SHT_1_REV_03_FPD_Eng_C0A1-1_png.rf.44a57603dfb1afa14fceab7f9c3bb8e2.jpg
drawing2Images_DBM900127_SHT_1_REV_04_FPD_Eng_8A9C-1-1_png.rf.88a157d18417207aca709be06571ef55.jpg,16,8,5,0,2,1,1,1,12.5,data/roboflow/drawing-checklist-v1/test/images/drawing2Images_DBM900127_SHT_1_REV_04_FPD_Eng_8A9C-1-1_png.rf.88a157d18417207aca709be06571ef55.jpg
drawing2Images_DBM900181_SHT_1_REV_04_FPD_Eng_8AA3-1_png.rf.b8add6800ea37e476a9364594ed4ec95.jpg,16,9,6,0,2,1,1,1,12.5,data/roboflow/drawing-checklist-v1/test/images/drawing2Images_DBM900181_SHT_1_REV_04_FPD_Eng_8AA3-1_png.rf.b8add6800ea37e476a9364594ed4ec95.jpg
drawing2Images_DBM903120_SHT_1_REV_03_FPD_Eng_E1CB-1-1_png_jpg.rf.15ac2b762eb33df2e1f3d1aef1ac6936.jpg,16,9,6,0,2,1,1,1,12.5,data/roboflow/drawing-checklist-v1/test/images/drawing2Images_DBM903120_SHT_1_REV_03_FPD_Eng_E1CB-1-1_png_jpg.rf.15ac2b762eb33df2e1f3d1aef1ac6936.jpg
drawing2Images_Drawings-1-06_png_jpg.rf.24972529b7f5d30f6c65b0685881f063.jpg,36,9,3,0,0,6,6,3,3.2 3.2 3.0 3.2 3.0 5.21,data/roboflow/drawing-checklist-v1/test/images/drawing2Images_Drawings-1-06_png_jpg.rf.24972529b7f5d30f6c65b0685881f063.jpg
ds0_133808_SHT_1_REV_-_FPD_Eng_AC1A-1_png.rf.e0aabd3e5548600b95c4a92602bbd11a.jpg,1,5,5,0,0,0,0,0,,data/roboflow/drawing-checklist-v1/test/images/ds0_133808_SHT_1_REV_-_FPD_Eng_AC1A-1_png.rf.e0aabd3e5548600b95c4a92602bbd11a.jpg
ds0_138_23_sg-002-1_png_jpg.rf.604266ee9bafe3b4c1cd22e35aef466a.jpg,6,9,7,0,1,1,1,0,3.0,data/roboflow/drawing-checklist-v1/test/images/ds0_138_23_sg-002-1_png_jpg.rf.604266ee9bafe3b4c1cd22e35aef466a.jpg
ds0_4-104052886_1-1_png_jpg.rf.9198018f8246d8b5c6a5a790d4c06404.jpg,13,26,25,0,0,1,1,1,N8,data/roboflow/drawing-checklist-v1/test/images/ds0_4-104052886_1-1_png_jpg.rf.9198018f8246d8b5c6a5a790d4c06404.jpg
ds0_A4-1798-1_png_jpg.rf.c4da60fc95caba5d03400ff6d32749bf.jpg,3,37,36,0,0,1,1,0,3.0,data/roboflow/drawing-checklist-v1/test/images/ds0_A4-1798-1_png_jpg.rf.c4da60fc95caba5d03400ff6d32749bf.jpg
ds0_temp1165510162-REV01-A3-1_png.rf.4ea1e2d3eaf6e102723eb94a3363b273.jpg,10,23,15,0,5,3,2,0,2.0 4.0,data/roboflow/drawing-checklist-v1/test/images/ds0_temp1165510162-REV01-A3-1_png.rf.4ea1e2d3eaf6e102723eb94a3363b273.jpg
ds0_temp1165510260-REV01-A2-1_png.rf.a954993b283cf43997c5e37c5fb4ff3a.jpg,30,64,50,0,4,10,8,2,3.0 0.4 N5 2.0 4.0 7.0 1.0 7.0,data/roboflow/drawing-checklist-v1/test/images/ds0_temp1165510260-REV01-A2-1_png.rf.a954993b283cf43997c5e37c5fb4ff3a.jpg
ds0_temp2033511020_R00-1_png.rf.9a0d54f032aafb5b582b00fb480fe5fb.jpg,40,31,23,0,3,5,5,3,1.6 1.6 1.0 3.2 7.0,data/roboflow/drawing-checklist-v1/test/images/ds0_temp2033511020_R00-1_png.rf.9a0d54f032aafb5b582b00fb480fe5fb.jpg
final_mid_block_apt_op6_page_2_png.rf.139390865758d82c0ac63e3c1b08cb4e.jpg,1,23,23,0,0,0,0,0,,data/roboflow/drawing-checklist-v1/test/images/final_mid_block_apt_op6_page_2_png.rf.139390865758d82c0ac63e3c1b08cb4e.jpg
